<?xml version="1.0" encoding="UTF-8"?>
<zabbix_export>
    <version>2.0</version>
    <date>2015-04-09T12:56:43Z</date>
    <groups>
        <group>
            <name>Templates</name>
        </group>
    </groups>
    <templates>
        <template>
            <template>Template Disk Performance</template>
            <name>Template Disk Performance</name>
            <description/>
            <groups>
                <group>
                    <name>Templates</name>
                </group>
            </groups>
            <applications>
                <application>
                    <name>Disk Performance</name>
                </application>
            </applications>
            <items/>
            <discovery_rules>
                <discovery_rule>
                    <name>Disk discovery</name>
                    <type>0</type>
                    <snmp_community/>
                    <snmp_oid/>
                    <key>custom.vfs.discover_disks</key>
                    <delay>3600</delay>
                    <status>0</status>
                    <allowed_hosts/>
                    <snmpv3_contextname/>
                    <snmpv3_securityname/>
                    <snmpv3_securitylevel>0</snmpv3_securitylevel>
                    <snmpv3_authprotocol>0</snmpv3_authprotocol>
                    <snmpv3_authpassphrase/>
                    <snmpv3_privprotocol>0</snmpv3_privprotocol>
                    <snmpv3_privpassphrase/>
                    <delay_flex/>
                    <params/>
                    <ipmi_sensor/>
                    <authtype>0</authtype>
                    <username/>
                    <password/>
                    <publickey/>
                    <privatekey/>
                    <port/>
                    <filter>:</filter>
                    <lifetime>30</lifetime>
                    <description/>
                    <item_prototypes>
                        <item_prototype>
                            <name>Disk:$1:IO:Currently Active</name>
                            <type>0</type>
                            <snmp_community/>
                            <multiplier>0</multiplier>
                            <snmp_oid/>
                            <key>custom.vfs.dev.io.active[{#DEVICENAME}]</key>
                            <delay>60</delay>
                            <history>30</history>
                            <trends>365</trends>
                            <status>0</status>
                            <value_type>3</value_type>
                            <allowed_hosts/>
                            <units>io</units>
                            <delta>0</delta>
                            <snmpv3_contextname/>
                            <snmpv3_securityname/>
                            <snmpv3_securitylevel>0</snmpv3_securitylevel>
                            <snmpv3_authprotocol>0</snmpv3_authprotocol>
                            <snmpv3_authpassphrase/>
                            <snmpv3_privprotocol>0</snmpv3_privprotocol>
                            <snmpv3_privpassphrase/>
                            <formula>1</formula>
                            <delay_flex/>
                            <params/>
                            <ipmi_sensor/>
                            <data_type>0</data_type>
                            <authtype>0</authtype>
                            <username/>
                            <password/>
                            <publickey/>
                            <privatekey/>
                            <port/>
                            <description>Field #12&#13;
Number of I/Os currently in progress.&#13;
The only field that should go to zero. Incremented as requests are given to appropriate struct request_queue and decremented as they finish.</description>
                            <inventory_link>0</inventory_link>
                            <applications>
                                <application>
                                    <name>Disk Performance</name>
                                </application>
                            </applications>
                            <valuemap/>
                            <logtimefmt/>
                        </item_prototype>
                        <item_prototype>
                            <name>Disk:$1:IO:ms</name>
                            <type>0</type>
                            <snmp_community/>
                            <multiplier>0</multiplier>
                            <snmp_oid/>
                            <key>custom.vfs.dev.io.ms[{#DEVICENAME}]</key>
                            <delay>60</delay>
                            <history>30</history>
                            <trends>365</trends>
                            <status>0</status>
                            <value_type>3</value_type>
                            <allowed_hosts/>
                            <units>ms</units>
                            <delta>1</delta>
                            <snmpv3_contextname/>
                            <snmpv3_securityname/>
                            <snmpv3_securitylevel>0</snmpv3_securitylevel>
                            <snmpv3_authprotocol>0</snmpv3_authprotocol>
                            <snmpv3_authpassphrase/>
                            <snmpv3_privprotocol>0</snmpv3_privprotocol>
                            <snmpv3_privpassphrase/>
                            <formula>1</formula>
                            <delay_flex/>
                            <params/>
                            <ipmi_sensor/>
                            <data_type>0</data_type>
                            <authtype>0</authtype>
                            <username/>
                            <password/>
                            <publickey/>
                            <privatekey/>
                            <port/>
                            <description>Field #13&#13;
Number of milliseconds spent doing I/Os. This field increases so long as field #12 (custom.vfs.dev.io.active) is nonzero.</description>
                            <inventory_link>0</inventory_link>
                            <applications>
                                <application>
                                    <name>Disk Performance</name>
                                </application>
                            </applications>
                            <valuemap/>
                            <logtimefmt/>
                        </item_prototype>
                        <item_prototype>
                            <name>Disk:$1:IO:Weight:ms</name>
                            <type>0</type>
                            <snmp_community/>
                            <multiplier>0</multiplier>
                            <snmp_oid/>
                            <key>custom.vfs.dev.weight.io.ms[{#DEVICENAME}]</key>
                            <delay>60</delay>
                            <history>30</history>
                            <trends>365</trends>
                            <status>0</status>
                            <value_type>3</value_type>
                            <allowed_hosts/>
                            <units>ms</units>
                            <delta>1</delta>
                            <snmpv3_contextname/>
                            <snmpv3_securityname/>
                            <snmpv3_securitylevel>0</snmpv3_securitylevel>
                            <snmpv3_authprotocol>0</snmpv3_authprotocol>
                            <snmpv3_authpassphrase/>
                            <snmpv3_privprotocol>0</snmpv3_privprotocol>
                            <snmpv3_privpassphrase/>
                            <formula>1</formula>
                            <delay_flex/>
                            <params/>
                            <ipmi_sensor/>
                            <data_type>0</data_type>
                            <authtype>0</authtype>
                            <username/>
                            <password/>
                            <publickey/>
                            <privatekey/>
                            <port/>
                            <description>Field #14&#13;
Weighted number of milliseconds spent doing I/Os.&#13;
This field is incremented at each I/O start, I/O completion, I/O merge, or read of these stats by the number of I/Os in progress (field 12) times the number of milliseconds spent doing I/O since the last update of this field.  This can provide an easy measure of both I/O completion time and the backlog that may be accumulating.</description>
                            <inventory_link>0</inventory_link>
                            <applications>
                                <application>
                                    <name>Disk Performance</name>
                                </application>
                            </applications>
                            <valuemap/>
                            <logtimefmt/>
                        </item_prototype>
                        <item_prototype>
                            <name>Disk:$1:Read:Bytes/sec</name>
                            <type>0</type>
                            <snmp_community/>
                            <multiplier>1</multiplier>
                            <snmp_oid/>
                            <key>custom.vfs.dev.read.sectors[{#DEVICENAME}]</key>
                            <delay>60</delay>
                            <history>30</history>
                            <trends>365</trends>
                            <status>0</status>
                            <value_type>3</value_type>
                            <allowed_hosts/>
                            <units>B/sec</units>
                            <delta>1</delta>
                            <snmpv3_contextname/>
                            <snmpv3_securityname/>
                            <snmpv3_securitylevel>0</snmpv3_securitylevel>
                            <snmpv3_authprotocol>0</snmpv3_authprotocol>
                            <snmpv3_authpassphrase/>
                            <snmpv3_privprotocol>0</snmpv3_privprotocol>
                            <snmpv3_privpassphrase/>
                            <formula>512</formula>
                            <delay_flex/>
                            <params/>
                            <ipmi_sensor/>
                            <data_type>0</data_type>
                            <authtype>0</authtype>
                            <username/>
                            <password/>
                            <publickey/>
                            <privatekey/>
                            <port/>
                            <description>Field #6&#13;
This is the total number of sectors read successfully.</description>
                            <inventory_link>0</inventory_link>
                            <applications>
                                <application>
                                    <name>Disk Performance</name>
                                </application>
                            </applications>
                            <valuemap/>
                            <logtimefmt/>
                        </item_prototype>
                        <item_prototype>
                            <name>Disk:$1:Read:Bytes/sec [z]</name>
                            <type>0</type>
                            <snmp_community/>
                            <multiplier>1</multiplier>
                            <snmp_oid/>
                            <key>vfs.dev.read[{#DEVICENAME},sectors]</key>
                            <delay>60</delay>
                            <history>30</history>
                            <trends>365</trends>
                            <status>1</status>
                            <value_type>3</value_type>
                            <allowed_hosts/>
                            <units>B/sec</units>
                            <delta>1</delta>
                            <snmpv3_contextname/>
                            <snmpv3_securityname/>
                            <snmpv3_securitylevel>0</snmpv3_securitylevel>
                            <snmpv3_authprotocol>0</snmpv3_authprotocol>
                            <snmpv3_authpassphrase/>
                            <snmpv3_privprotocol>0</snmpv3_privprotocol>
                            <snmpv3_privpassphrase/>
                            <formula>512</formula>
                            <delay_flex/>
                            <params/>
                            <ipmi_sensor/>
                            <data_type>0</data_type>
                            <authtype>0</authtype>
                            <username/>
                            <password/>
                            <publickey/>
                            <privatekey/>
                            <port/>
                            <description>This is the total number of sectors read successfully.</description>
                            <inventory_link>0</inventory_link>
                            <applications>
                                <application>
                                    <name>Disk Performance</name>
                                </application>
                            </applications>
                            <valuemap/>
                            <logtimefmt/>
                        </item_prototype>
                        <item_prototype>
                            <name>Disk:$1:Read:Merged</name>
                            <type>0</type>
                            <snmp_community/>
                            <multiplier>0</multiplier>
                            <snmp_oid/>
                            <key>custom.vfs.dev.read.merged[{#DEVICENAME}]</key>
                            <delay>60</delay>
                            <history>30</history>
                            <trends>365</trends>
                            <status>0</status>
                            <value_type>3</value_type>
                            <allowed_hosts/>
                            <units>Ops/s</units>
                            <delta>1</delta>
                            <snmpv3_contextname/>
                            <snmpv3_securityname/>
                            <snmpv3_securitylevel>0</snmpv3_securitylevel>
                            <snmpv3_authprotocol>0</snmpv3_authprotocol>
                            <snmpv3_authpassphrase/>
                            <snmpv3_privprotocol>0</snmpv3_privprotocol>
                            <snmpv3_privpassphrase/>
                            <formula>1</formula>
                            <delay_flex/>
                            <params/>
                            <ipmi_sensor/>
                            <data_type>0</data_type>
                            <authtype>0</authtype>
                            <username/>
                            <password/>
                            <publickey/>
                            <privatekey/>
                            <port/>
                            <description>Field #5&#13;
Number of reads merged.&#13;
Reads and writes which are adjacent to each other may be merged for efficiency. Thus two 4K reads may become one 8K read before it is ultimately handed to the disk, and so it will be counted (and queued) as only one I/O.  This field lets you know how often this was done.</description>
                            <inventory_link>0</inventory_link>
                            <applications>
                                <application>
                                    <name>Disk Performance</name>
                                </application>
                            </applications>
                            <valuemap/>
                            <logtimefmt/>
                        </item_prototype>
                        <item_prototype>
                            <name>Disk:$1:Read:ms</name>
                            <type>0</type>
                            <snmp_community/>
                            <multiplier>0</multiplier>
                            <snmp_oid/>
                            <key>custom.vfs.dev.read.ms[{#DEVICENAME}]</key>
                            <delay>60</delay>
                            <history>30</history>
                            <trends>365</trends>
                            <status>0</status>
                            <value_type>3</value_type>
                            <allowed_hosts/>
                            <units>ms</units>
                            <delta>1</delta>
                            <snmpv3_contextname/>
                            <snmpv3_securityname/>
                            <snmpv3_securitylevel>0</snmpv3_securitylevel>
                            <snmpv3_authprotocol>0</snmpv3_authprotocol>
                            <snmpv3_authpassphrase/>
                            <snmpv3_privprotocol>0</snmpv3_privprotocol>
                            <snmpv3_privpassphrase/>
                            <formula>1</formula>
                            <delay_flex/>
                            <params/>
                            <ipmi_sensor/>
                            <data_type>0</data_type>
                            <authtype>0</authtype>
                            <username/>
                            <password/>
                            <publickey/>
                            <privatekey/>
                            <port/>
                            <description>Field #7&#13;
Number of milliseconds spent reading&#13;
This is the total number of milliseconds spent by all reads (as measured from __make_request() to end_that_request_last()).</description>
                            <inventory_link>0</inventory_link>
                            <applications>
                                <application>
                                    <name>Disk Performance</name>
                                </application>
                            </applications>
                            <valuemap/>
                            <logtimefmt/>
                        </item_prototype>
                        <item_prototype>
                            <name>Disk:$1:Read:ms [z]</name>
                            <type>0</type>
                            <snmp_community/>
                            <multiplier>0</multiplier>
                            <snmp_oid/>
                            <key>vfs.dev.read[{#DEVICENAME},ops]</key>
                            <delay>60</delay>
                            <history>30</history>
                            <trends>365</trends>
                            <status>1</status>
                            <value_type>0</value_type>
                            <allowed_hosts/>
                            <units>ms</units>
                            <delta>1</delta>
                            <snmpv3_contextname/>
                            <snmpv3_securityname/>
                            <snmpv3_securitylevel>0</snmpv3_securitylevel>
                            <snmpv3_authprotocol>0</snmpv3_authprotocol>
                            <snmpv3_authpassphrase/>
                            <snmpv3_privprotocol>0</snmpv3_privprotocol>
                            <snmpv3_privpassphrase/>
                            <formula>1</formula>
                            <delay_flex/>
                            <params/>
                            <ipmi_sensor/>
                            <data_type>0</data_type>
                            <authtype>0</authtype>
                            <username/>
                            <password/>
                            <publickey/>
                            <privatekey/>
                            <port/>
                            <description>This is the total number of milliseconds spent by all reads (as measured from __make_request() to end_that_request_last()).</description>
                            <inventory_link>0</inventory_link>
                            <applications>
                                <application>
                                    <name>Disk Performance</name>
                                </application>
                            </applications>
                            <valuemap/>
                            <logtimefmt/>
                        </item_prototype>
                        <item_prototype>
                            <name>Disk:$1:Read:Ops per second</name>
                            <type>0</type>
                            <snmp_community/>
                            <multiplier>0</multiplier>
                            <snmp_oid/>
                            <key>custom.vfs.dev.read.ops[{#DEVICENAME}]</key>
                            <delay>60</delay>
                            <history>30</history>
                            <trends>365</trends>
                            <status>0</status>
                            <value_type>3</value_type>
                            <allowed_hosts/>
                            <units>ops/s</units>
                            <delta>1</delta>
                            <snmpv3_contextname/>
                            <snmpv3_securityname/>
                            <snmpv3_securitylevel>0</snmpv3_securitylevel>
                            <snmpv3_authprotocol>0</snmpv3_authprotocol>
                            <snmpv3_authpassphrase/>
                            <snmpv3_privprotocol>0</snmpv3_privprotocol>
                            <snmpv3_privpassphrase/>
                            <formula>1</formula>
                            <delay_flex/>
                            <params/>
                            <ipmi_sensor/>
                            <data_type>0</data_type>
                            <authtype>0</authtype>
                            <username/>
                            <password/>
                            <publickey/>
                            <privatekey/>
                            <port/>
                            <description>Field #4&#13;
This is the total number of reads completed successfully.</description>
                            <inventory_link>0</inventory_link>
                            <applications>
                                <application>
                                    <name>Disk Performance</name>
                                </application>
                            </applications>
                            <valuemap/>
                            <logtimefmt/>
                        </item_prototype>
                        <item_prototype>
                            <name>Disk:$1:Read:Ops per second [z]</name>
                            <type>0</type>
                            <snmp_community/>
                            <multiplier>0</multiplier>
                            <snmp_oid/>
                            <key>vfs.dev.read[{#DEVICENAME},operations]</key>
                            <delay>60</delay>
                            <history>30</history>
                            <trends>365</trends>
                            <status>1</status>
                            <value_type>3</value_type>
                            <allowed_hosts/>
                            <units>ops/s</units>
                            <delta>1</delta>
                            <snmpv3_contextname/>
                            <snmpv3_securityname/>
                            <snmpv3_securitylevel>0</snmpv3_securitylevel>
                            <snmpv3_authprotocol>0</snmpv3_authprotocol>
                            <snmpv3_authpassphrase/>
                            <snmpv3_privprotocol>0</snmpv3_privprotocol>
                            <snmpv3_privpassphrase/>
                            <formula>1</formula>
                            <delay_flex/>
                            <params/>
                            <ipmi_sensor/>
                            <data_type>0</data_type>
                            <authtype>0</authtype>
                            <username/>
                            <password/>
                            <publickey/>
                            <privatekey/>
                            <port/>
                            <description>This is the total number of reads completed successfully.</description>
                            <inventory_link>0</inventory_link>
                            <applications>
                                <application>
                                    <name>Disk Performance</name>
                                </application>
                            </applications>
                            <valuemap/>
                            <logtimefmt/>
                        </item_prototype>
                        <item_prototype>
                            <name>Disk:$1:Write:Bytes/sec</name>
                            <type>0</type>
                            <snmp_community/>
                            <multiplier>1</multiplier>
                            <snmp_oid/>
                            <key>custom.vfs.dev.write.sectors[{#DEVICENAME}]</key>
                            <delay>60</delay>
                            <history>30</history>
                            <trends>365</trends>
                            <status>0</status>
                            <value_type>3</value_type>
                            <allowed_hosts/>
                            <units>B/sec</units>
                            <delta>1</delta>
                            <snmpv3_contextname/>
                            <snmpv3_securityname/>
                            <snmpv3_securitylevel>0</snmpv3_securitylevel>
                            <snmpv3_authprotocol>0</snmpv3_authprotocol>
                            <snmpv3_authpassphrase/>
                            <snmpv3_privprotocol>0</snmpv3_privprotocol>
                            <snmpv3_privpassphrase/>
                            <formula>512</formula>
                            <delay_flex/>
                            <params/>
                            <ipmi_sensor/>
                            <data_type>0</data_type>
                            <authtype>0</authtype>
                            <username/>
                            <password/>
                            <publickey/>
                            <privatekey/>
                            <port/>
                            <description>Field #10&#13;
This is the total number of sectors written successfully.</description>
                            <inventory_link>0</inventory_link>
                            <applications>
                                <application>
                                    <name>Disk Performance</name>
                                </application>
                            </applications>
                            <valuemap/>
                            <logtimefmt/>
                        </item_prototype>
                        <item_prototype>
                            <name>Disk:$1:Write:Bytes/sec [z]</name>
                            <type>0</type>
                            <snmp_community/>
                            <multiplier>1</multiplier>
                            <snmp_oid/>
                            <key>vfs.dev.write[{#DEVICENAME},sectors]</key>
                            <delay>60</delay>
                            <history>30</history>
                            <trends>365</trends>
                            <status>1</status>
                            <value_type>3</value_type>
                            <allowed_hosts/>
                            <units>B/sec</units>
                            <delta>1</delta>
                            <snmpv3_contextname/>
                            <snmpv3_securityname/>
                            <snmpv3_securitylevel>0</snmpv3_securitylevel>
                            <snmpv3_authprotocol>0</snmpv3_authprotocol>
                            <snmpv3_authpassphrase/>
                            <snmpv3_privprotocol>0</snmpv3_privprotocol>
                            <snmpv3_privpassphrase/>
                            <formula>512</formula>
                            <delay_flex/>
                            <params/>
                            <ipmi_sensor/>
                            <data_type>0</data_type>
                            <authtype>0</authtype>
                            <username/>
                            <password/>
                            <publickey/>
                            <privatekey/>
                            <port/>
                            <description>This is the total number of sectors read successfully.</description>
                            <inventory_link>0</inventory_link>
                            <applications>
                                <application>
                                    <name>Disk Performance</name>
                                </application>
                            </applications>
                            <valuemap/>
                            <logtimefmt/>
                        </item_prototype>
                        <item_prototype>
                            <name>Disk:$1:Write:Merged</name>
                            <type>0</type>
                            <snmp_community/>
                            <multiplier>0</multiplier>
                            <snmp_oid/>
                            <key>custom.vfs.dev.write.merged[{#DEVICENAME}]</key>
                            <delay>60</delay>
                            <history>30</history>
                            <trends>365</trends>
                            <status>0</status>
                            <value_type>3</value_type>
                            <allowed_hosts/>
                            <units>Ops/s</units>
                            <delta>1</delta>
                            <snmpv3_contextname/>
                            <snmpv3_securityname/>
                            <snmpv3_securitylevel>0</snmpv3_securitylevel>
                            <snmpv3_authprotocol>0</snmpv3_authprotocol>
                            <snmpv3_authpassphrase/>
                            <snmpv3_privprotocol>0</snmpv3_privprotocol>
                            <snmpv3_privpassphrase/>
                            <formula>1</formula>
                            <delay_flex/>
                            <params/>
                            <ipmi_sensor/>
                            <data_type>0</data_type>
                            <authtype>0</authtype>
                            <username/>
                            <password/>
                            <publickey/>
                            <privatekey/>
                            <port/>
                            <description>Field #9&#13;
Number of writes merged.&#13;
Reads and writes which are adjacent to each other may be merged for efficiency. Thus two 4K reads may become one 8K read before it is ultimately handed to the disk, and so it will be counted (and queued) as only one I/O.  This field lets you know how often this was done.</description>
                            <inventory_link>0</inventory_link>
                            <applications>
                                <application>
                                    <name>Disk Performance</name>
                                </application>
                            </applications>
                            <valuemap/>
                            <logtimefmt/>
                        </item_prototype>
                        <item_prototype>
                            <name>Disk:$1:Write:ms</name>
                            <type>0</type>
                            <snmp_community/>
                            <multiplier>0</multiplier>
                            <snmp_oid/>
                            <key>custom.vfs.dev.write.ms[{#DEVICENAME}]</key>
                            <delay>60</delay>
                            <history>30</history>
                            <trends>365</trends>
                            <status>0</status>
                            <value_type>3</value_type>
                            <allowed_hosts/>
                            <units>ms</units>
                            <delta>1</delta>
                            <snmpv3_contextname/>
                            <snmpv3_securityname/>
                            <snmpv3_securitylevel>0</snmpv3_securitylevel>
                            <snmpv3_authprotocol>0</snmpv3_authprotocol>
                            <snmpv3_authpassphrase/>
                            <snmpv3_privprotocol>0</snmpv3_privprotocol>
                            <snmpv3_privpassphrase/>
                            <formula>1</formula>
                            <delay_flex/>
                            <params/>
                            <ipmi_sensor/>
                            <data_type>0</data_type>
                            <authtype>0</authtype>
                            <username/>
                            <password/>
                            <publickey/>
                            <privatekey/>
                            <port/>
                            <description>Field #11&#13;
Number of milliseconds spent writing.&#13;
This is the total number of milliseconds spent by all writes (as measured from __make_request() to end_that_request_last()).</description>
                            <inventory_link>0</inventory_link>
                            <applications>
                                <application>
                                    <name>Disk Performance</name>
                                </application>
                            </applications>
                            <valuemap/>
                            <logtimefmt/>
                        </item_prototype>
                        <item_prototype>
                            <name>Disk:$1:Write:ms [z]</name>
                            <type>0</type>
                            <snmp_community/>
                            <multiplier>0</multiplier>
                            <snmp_oid/>
                            <key>vfs.dev.write[{#DEVICENAME},ops]</key>
                            <delay>60</delay>
                            <history>30</history>
                            <trends>365</trends>
                            <status>1</status>
                            <value_type>0</value_type>
                            <allowed_hosts/>
                            <units>ms</units>
                            <delta>1</delta>
                            <snmpv3_contextname/>
                            <snmpv3_securityname/>
                            <snmpv3_securitylevel>0</snmpv3_securitylevel>
                            <snmpv3_authprotocol>0</snmpv3_authprotocol>
                            <snmpv3_authpassphrase/>
                            <snmpv3_privprotocol>0</snmpv3_privprotocol>
                            <snmpv3_privpassphrase/>
                            <formula>1</formula>
                            <delay_flex/>
                            <params/>
                            <ipmi_sensor/>
                            <data_type>0</data_type>
                            <authtype>0</authtype>
                            <username/>
                            <password/>
                            <publickey/>
                            <privatekey/>
                            <port/>
                            <description>This is the total number of milliseconds spent by all reads (as measured from __make_request() to end_that_request_last()).</description>
                            <inventory_link>0</inventory_link>
                            <applications>
                                <application>
                                    <name>Disk Performance</name>
                                </application>
                            </applications>
                            <valuemap/>
                            <logtimefmt/>
                        </item_prototype>
                        <item_prototype>
                            <name>Disk:$1:Write:Ops per second</name>
                            <type>0</type>
                            <snmp_community/>
                            <multiplier>0</multiplier>
                            <snmp_oid/>
                            <key>custom.vfs.dev.write.ops[{#DEVICENAME}]</key>
                            <delay>60</delay>
                            <history>30</history>
                            <trends>365</trends>
                            <status>0</status>
                            <value_type>3</value_type>
                            <allowed_hosts/>
                            <units>ops/s</units>
                            <delta>1</delta>
                            <snmpv3_contextname/>
                            <snmpv3_securityname/>
                            <snmpv3_securitylevel>0</snmpv3_securitylevel>
                            <snmpv3_authprotocol>0</snmpv3_authprotocol>
                            <snmpv3_authpassphrase/>
                            <snmpv3_privprotocol>0</snmpv3_privprotocol>
                            <snmpv3_privpassphrase/>
                            <formula>1</formula>
                            <delay_flex/>
                            <params/>
                            <ipmi_sensor/>
                            <data_type>0</data_type>
                            <authtype>0</authtype>
                            <username/>
                            <password/>
                            <publickey/>
                            <privatekey/>
                            <port/>
                            <description>Field #8&#13;
This is the total number of writes completed successfully.</description>
                            <inventory_link>0</inventory_link>
                            <applications>
                                <application>
                                    <name>Disk Performance</name>
                                </application>
                            </applications>
                            <valuemap/>
                            <logtimefmt/>
                        </item_prototype>
                        <item_prototype>
                            <name>Disk:$1:Write:Ops per second [z]</name>
                            <type>0</type>
                            <snmp_community/>
                            <multiplier>0</multiplier>
                            <snmp_oid/>
                            <key>vfs.dev.write[{#DEVICENAME},operations]</key>
                            <delay>60</delay>
                            <history>30</history>
                            <trends>365</trends>
                            <status>1</status>
                            <value_type>3</value_type>
                            <allowed_hosts/>
                            <units>ops/s</units>
                            <delta>1</delta>
                            <snmpv3_contextname/>
                            <snmpv3_securityname/>
                            <snmpv3_securitylevel>0</snmpv3_securitylevel>
                            <snmpv3_authprotocol>0</snmpv3_authprotocol>
                            <snmpv3_authpassphrase/>
                            <snmpv3_privprotocol>0</snmpv3_privprotocol>
                            <snmpv3_privpassphrase/>
                            <formula>1</formula>
                            <delay_flex/>
                            <params/>
                            <ipmi_sensor/>
                            <data_type>0</data_type>
                            <authtype>0</authtype>
                            <username/>
                            <password/>
                            <publickey/>
                            <privatekey/>
                            <port/>
                            <description>This is the total number of reads completed successfully.</description>
                            <inventory_link>0</inventory_link>
                            <applications>
                                <application>
                                    <name>Disk Performance</name>
                                </application>
                            </applications>
                            <valuemap/>
                            <logtimefmt/>
                        </item_prototype>
                    </item_prototypes>
                    <trigger_prototypes/>
                    <graph_prototypes>
                        <graph_prototype>
                            <name>Disk {#DEVICENAME} - Bytes/second</name>
                            <width>900</width>
                            <height>200</height>
                            <yaxismin>0.0000</yaxismin>
                            <yaxismax>100.0000</yaxismax>
                            <show_work_period>1</show_work_period>
                            <show_triggers>1</show_triggers>
                            <type>0</type>
                            <show_legend>1</show_legend>
                            <show_3d>0</show_3d>
                            <percent_left>0.0000</percent_left>
                            <percent_right>0.0000</percent_right>
                            <ymin_type_1>1</ymin_type_1>
                            <ymax_type_1>0</ymax_type_1>
                            <ymin_item_1>0</ymin_item_1>
                            <ymax_item_1>0</ymax_item_1>
                            <graph_items>
                                <graph_item>
                                    <sortorder>0</sortorder>
                                    <drawtype>5</drawtype>
                                    <color>00C800</color>
                                    <yaxisside>0</yaxisside>
                                    <calc_fnc>2</calc_fnc>
                                    <type>0</type>
                                    <item>
                                        <host>Template Disk Performance</host>
                                        <key>custom.vfs.dev.read.sectors[{#DEVICENAME}]</key>
                                    </item>
                                </graph_item>
                                <graph_item>
                                    <sortorder>1</sortorder>
                                    <drawtype>5</drawtype>
                                    <color>C80000</color>
                                    <yaxisside>0</yaxisside>
                                    <calc_fnc>2</calc_fnc>
                                    <type>0</type>
                                    <item>
                                        <host>Template Disk Performance</host>
                                        <key>custom.vfs.dev.write.sectors[{#DEVICENAME}]</key>
                                    </item>
                                </graph_item>
                            </graph_items>
                        </graph_prototype>
                        <graph_prototype>
                            <name>Disk {#DEVICENAME} - Merged</name>
                            <width>900</width>
                            <height>200</height>
                            <yaxismin>0.0000</yaxismin>
                            <yaxismax>100.0000</yaxismax>
                            <show_work_period>1</show_work_period>
                            <show_triggers>1</show_triggers>
                            <type>0</type>
                            <show_legend>1</show_legend>
                            <show_3d>0</show_3d>
                            <percent_left>0.0000</percent_left>
                            <percent_right>0.0000</percent_right>
                            <ymin_type_1>0</ymin_type_1>
                            <ymax_type_1>0</ymax_type_1>
                            <ymin_item_1>0</ymin_item_1>
                            <ymax_item_1>0</ymax_item_1>
                            <graph_items>
                                <graph_item>
                                    <sortorder>0</sortorder>
                                    <drawtype>0</drawtype>
                                    <color>00C800</color>
                                    <yaxisside>0</yaxisside>
                                    <calc_fnc>2</calc_fnc>
                                    <type>0</type>
                                    <item>
                                        <host>Template Disk Performance</host>
                                        <key>custom.vfs.dev.read.merged[{#DEVICENAME}]</key>
                                    </item>
                                </graph_item>
                                <graph_item>
                                    <sortorder>1</sortorder>
                                    <drawtype>0</drawtype>
                                    <color>C80000</color>
                                    <yaxisside>0</yaxisside>
                                    <calc_fnc>2</calc_fnc>
                                    <type>0</type>
                                    <item>
                                        <host>Template Disk Performance</host>
                                        <key>custom.vfs.dev.write.merged[{#DEVICENAME}]</key>
                                    </item>
                                </graph_item>
                            </graph_items>
                        </graph_prototype>
                        <graph_prototype>
                            <name>Disk {#DEVICENAME} - Ops/second</name>
                            <width>900</width>
                            <height>200</height>
                            <yaxismin>0.0000</yaxismin>
                            <yaxismax>100.0000</yaxismax>
                            <show_work_period>1</show_work_period>
                            <show_triggers>1</show_triggers>
                            <type>0</type>
                            <show_legend>1</show_legend>
                            <show_3d>0</show_3d>
                            <percent_left>0.0000</percent_left>
                            <percent_right>0.0000</percent_right>
                            <ymin_type_1>0</ymin_type_1>
                            <ymax_type_1>0</ymax_type_1>
                            <ymin_item_1>0</ymin_item_1>
                            <ymax_item_1>0</ymax_item_1>
                            <graph_items>
                                <graph_item>
                                    <sortorder>0</sortorder>
                                    <drawtype>0</drawtype>
                                    <color>00C800</color>
                                    <yaxisside>0</yaxisside>
                                    <calc_fnc>2</calc_fnc>
                                    <type>0</type>
                                    <item>
                                        <host>Template Disk Performance</host>
                                        <key>custom.vfs.dev.read.ops[{#DEVICENAME}]</key>
                                    </item>
                                </graph_item>
                                <graph_item>
                                    <sortorder>1</sortorder>
                                    <drawtype>0</drawtype>
                                    <color>C80000</color>
                                    <yaxisside>0</yaxisside>
                                    <calc_fnc>2</calc_fnc>
                                    <type>0</type>
                                    <item>
                                        <host>Template Disk Performance</host>
                                        <key>custom.vfs.dev.write.ops[{#DEVICENAME}]</key>
                                    </item>
                                </graph_item>
                            </graph_items>
                        </graph_prototype>
                        <graph_prototype>
                            <name>Disk {#DEVICENAME} - Overview</name>
                            <width>900</width>
                            <height>200</height>
                            <yaxismin>0.0000</yaxismin>
                            <yaxismax>100.0000</yaxismax>
                            <show_work_period>1</show_work_period>
                            <show_triggers>1</show_triggers>
                            <type>0</type>
                            <show_legend>1</show_legend>
                            <show_3d>0</show_3d>
                            <percent_left>0.0000</percent_left>
                            <percent_right>0.0000</percent_right>
                            <ymin_type_1>0</ymin_type_1>
                            <ymax_type_1>0</ymax_type_1>
                            <ymin_item_1>0</ymin_item_1>
                            <ymax_item_1>0</ymax_item_1>
                            <graph_items>
                                <graph_item>
                                    <sortorder>0</sortorder>
                                    <drawtype>0</drawtype>
                                    <color>00C8C8</color>
                                    <yaxisside>0</yaxisside>
                                    <calc_fnc>7</calc_fnc>
                                    <type>0</type>
                                    <item>
                                        <host>Template Disk Performance</host>
                                        <key>custom.vfs.dev.io.active[{#DEVICENAME}]</key>
                                    </item>
                                </graph_item>
                                <graph_item>
                                    <sortorder>1</sortorder>
                                    <drawtype>0</drawtype>
                                    <color>C8C800</color>
                                    <yaxisside>1</yaxisside>
                                    <calc_fnc>7</calc_fnc>
                                    <type>0</type>
                                    <item>
                                        <host>Template Disk Performance</host>
                                        <key>custom.vfs.dev.read.sectors[{#DEVICENAME}]</key>
                                    </item>
                                </graph_item>
                                <graph_item>
                                    <sortorder>2</sortorder>
                                    <drawtype>0</drawtype>
                                    <color>960000</color>
                                    <yaxisside>0</yaxisside>
                                    <calc_fnc>7</calc_fnc>
                                    <type>0</type>
                                    <item>
                                        <host>Template Disk Performance</host>
                                        <key>custom.vfs.dev.read.merged[{#DEVICENAME}]</key>
                                    </item>
                                </graph_item>
                                <graph_item>
                                    <sortorder>3</sortorder>
                                    <drawtype>0</drawtype>
                                    <color>C8C8C8</color>
                                    <yaxisside>0</yaxisside>
                                    <calc_fnc>7</calc_fnc>
                                    <type>0</type>
                                    <item>
                                        <host>Template Disk Performance</host>
                                        <key>custom.vfs.dev.read.ops[{#DEVICENAME}]</key>
                                    </item>
                                </graph_item>
                                <graph_item>
                                    <sortorder>4</sortorder>
                                    <drawtype>0</drawtype>
                                    <color>009600</color>
                                    <yaxisside>1</yaxisside>
                                    <calc_fnc>7</calc_fnc>
                                    <type>0</type>
                                    <item>
                                        <host>Template Disk Performance</host>
                                        <key>custom.vfs.dev.write.sectors[{#DEVICENAME}]</key>
                                    </item>
                                </graph_item>
                                <graph_item>
                                    <sortorder>5</sortorder>
                                    <drawtype>0</drawtype>
                                    <color>960096</color>
                                    <yaxisside>0</yaxisside>
                                    <calc_fnc>7</calc_fnc>
                                    <type>0</type>
                                    <item>
                                        <host>Template Disk Performance</host>
                                        <key>custom.vfs.dev.write.merged[{#DEVICENAME}]</key>
                                    </item>
                                </graph_item>
                                <graph_item>
                                    <sortorder>6</sortorder>
                                    <drawtype>0</drawtype>
                                    <color>000096</color>
                                    <yaxisside>0</yaxisside>
                                    <calc_fnc>7</calc_fnc>
                                    <type>0</type>
                                    <item>
                                        <host>Template Disk Performance</host>
                                        <key>custom.vfs.dev.write.ops[{#DEVICENAME}]</key>
                                    </item>
                                </graph_item>
                            </graph_items>
                        </graph_prototype>
                    </graph_prototypes>
                    <host_prototypes/>
                </discovery_rule>
            </discovery_rules>
            <macros/>
            <templates/>
            <screens/>
        </template>
    </templates>
</zabbix_export>
